Inner_Disk,,All_Disk,
X,Y,X,Y
-0.8874843945068662,0.03528561463664737,-0.939740172667763,0.3513349973526966
-0.884599112220835,-0.11714528233702248,-0.9044142126263738,-0.4313849080463692
-0.8665442397340024,0.18072426862987334,-0.8923671799139963,0.45774617821815466
-0.8475850623228899,-0.2740911704923503,-0.8874843945068662,0.03528561463664737
-0.8254920436755642,0.31265790475230015,-0.884599112220835,-0.11714528233702248
-0.7881303262226562,-0.40723216285612085,-0.8665442397340024,0.18072426862987334
-0.7749583853516437,0.4408357075023742,-0.8475850623228899,-0.2740911704923503
-0.7663025384935496,-0.040230609552143415,-0.8470904425024274,-0.5324845153753712
-0.7636756396958195,-0.17423120637139045,-0.8312626082476267,0.5615817548560911
-0.7546765481057172,0.10224662388465944,-0.8254920436755642,0.31265790475230015
-0.7188835513579039,-0.5219049477353954,-0.7881303262226562,-0.40723216285612085
-0.7042689693438755,0.5541100437855602,-0.7781020511259764,-0.6301254486963113
-0.7060934860835719,0.2306571096784531,-0.7749583853516437,0.4408357075023742
-0.6993138106352565,-0.30192290335935335,-0.7663025384935496,-0.040230609552143415
-0.6710882230545151,0.35972568892922885,-0.7636756396958195,-0.17423120637139045
-0.6292928482254323,-0.006188375155926851,-0.7547614093494242,0.6589936884922138
-0.6303123954533955,-0.16090849722638723,-0.7546765481057172,0.10224662388465944
-0.6278089887640448,-0.4206086276882737,-0.7188835513579039,-0.5219049477353954
-0.6220384241919821,-0.6107976367563386,-0.7042689693438755,0.5541100437855602
-0.5987864434163176,0.11351647433549217,-0.7060934860835719,0.2306571096784531
-0.5965655034381624,0.6488849029262008,-0.7043101876622474,-0.7110064675846384
-0.5907949388660997,0.4978524545486198,-0.6993138106352565,-0.30192290335935335
-0.5492791317616262,0.24626894630742258,-0.6738037828531327,0.7428183425754136
-0.5498215057974914,-0.2977096745967127,-0.6710882230545151,0.35972568892922885
-0.5264422331562669,-0.7110746272641117,-0.6292928482254323,-0.006188375155926851
-0.5244334462873786,0.38317966966934525,-0.6303123954533955,-0.16090849722638723
-0.5224961853239004,-0.5059139920496847,-0.6278089887640448,-0.4206086276882737
-0.4970835067277012,-0.13799292371563765,-0.6220384241919821,-0.6107976367563386
-0.4925825969172519,0.7396923986547448,-0.6225330440124446,-0.7831264594686429
-0.47538364742484573,0.5733686787374104,-0.5987864434163176,0.11351647433549217
-0.4720037453183519,0.0017228483305180564,-0.5965655034381624,0.6488849029262008
-0.4447817341849257,0.15494417277154204,-0.5907949388660997,0.4978524545486198
-0.4460362047440697,-0.6247821227172261,-0.5841478788768939,0.8152086228435353
-0.42921913084834373,-0.39435774975598026,-0.5492791317616262,0.24626894630742258
-0.4059006362279325,-0.249747430560181,-0.5498215057974914,-0.2977096745967127
-0.4023750948569188,-0.7930072626584863,-0.5311932505003664,-0.8480544300013326
-0.39861721760842406,0.44861837795017234,-0.5264422331562669,-0.7110746272641117
-0.39948981257088745,0.2921888479063559,-0.5244334462873786,0.38317966966934525
-0.37534678873630123,0.6687828286648347,-0.5224961853239004,-0.5059139920496847
-0.3715134851277171,0.8166987344568466,-0.4970835067277012,-0.13799292371563765
-0.3501946540254628,-0.5172839871570156,-0.4925825969172519,0.7396923986547448
-0.33919589891720303,-0.08514548799122812,-0.4806595921764458,0.8785501180781418
-0.3242271134511806,0.06447062881588972,-0.47538364742484573,0.5733686787374104
-0.32235094204140224,-0.6951158609322756,-0.4720037453183519,0.0017228483305180564
-0.30448765024112023,0.5442386419308161,-0.4447817341849257,0.15494417277154204
-0.2731776510704901,-0.35882642105510065,-0.4460362047440697,-0.6247821227172261
-0.2700339852961573,0.3625225861214062,-0.4316097933139129,-0.9016749447427914
-0.26697898052271263,0.2058140816773475,-0.42921913084834373,-0.39435774975598026
-0.2642634207240946,-0.22202892704367638,-0.4059006362279325,-0.249747430560181
-0.26187275825852574,0.7439794074602335,-0.4023750948569188,-0.7930072626584863
-0.2556075738660005,-0.8415416551109771,-0.39861721760842406,0.44861837795017234
-0.2263728754090063,-0.6084120479747761,-0.39948981257088745,0.2921888479063559
-0.20944305728949897,0.8645656321172547,-0.37534678873630123,0.6687828286648347
-0.20227106989279253,-0.4732702062495573,-0.3715134851277171,0.8166987344568466
-0.18924608128727938,0.6212355763978183,-0.3654472857204354,0.9337245024967536
-0.18330579422780358,-0.10464150665434713,-0.3501946540254628,-0.5172839871570156
-0.17481966985712272,0.0660514837505991,-0.33919589891720303,-0.08514548799122812
-0.16760646414204428,0.4730000252124147,-0.3242271134511806,0.06447062881588972
-0.16866722968837933,-0.7426631131992929,-0.32235094204140224,-0.6951158609322756
-0.13302429502804003,0.3210485963288324,-0.30448765024112023,0.5442386419308161
-0.12827327768394015,-0.2719617680922557,-0.2731776510704901,-0.35882642105510065
-0.11855666527951136,0.7442990528536253,-0.2700339852961573,0.3625225861214062
-0.10268761270633897,-0.8681121784366623,-0.26697898052271263,0.2058140816773475
-0.09840090759566378,0.19239132548867055,-0.2642634207240946,-0.22202892704367638
-0.08763396599660989,-0.5983940057301609,-0.26187275825852574,0.7439794074602335
-0.08397449616550712,0.007796110804960454,-0.2556075738660005,-0.8415416551109771
-0.07383478984602543,-0.4206086276882737,-0.2263728754090063,-0.6084120479747761
-0.0700617283950613,0.8912652430056561,-0.20944305728949897,0.8645656321172547
-0.051134407154455275,0.583066155892809,-0.20227106989279253,-0.4732702062495573
-0.024784990983492516,-0.7310642160199683,-0.18924608128727938,0.6212355763978183
-0.021517833100780592,0.43285632433645627,-0.18330579422780358,-0.10464150665434713
-0.012500683068722651,-0.15210649723924052,-0.17481966985712272,0.0660514837505991
0.004237554364234564,0.7763811088815428,-0.16760646414204428,0.4730000252124147
0.009838396448883735,-0.3059358428089991,-0.16866722968837933,-0.7426631131992929
0.02859273130808737,0.2967955021052363,-0.13302429502804003,0.3210485963288324
0.02715009016507186,-0.5185000294144841,-0.12827327768394015,-0.2719617680922557
0.03589079826687258,0.0015583249662718401,-0.11855666527951136,0.7442990528536253
0.03580593702316581,-0.8765028700131945,-0.10268761270633897,-0.8681121784366623
0.04772894176397191,0.16155729669524577,-0.09840090759566378,0.19239132548867055
0.06716216657283014,0.6529885856972446,-0.08763396599660989,-0.5983940057301609
0.0815885780029868,0.8907248470323259,-0.08397449616550712,0.007796110804960454
0.10479432839961689,0.5082117085199022,-0.07383478984602543,-0.4206086276882737
0.10649535303093383,-0.7604316365378307,-0.0700617283950613,0.8912652430056561
0.11044140086330034,-0.6223965339356623,-0.051134407154455275,0.583066155892809
0.12210602211580501,-0.41476436489864943,-0.024784990983492516,-0.7310642160199683
0.1431886168858978,-0.2543756510923372,-0.021517833100780592,0.43285632433645627
0.15072260864395726,0.7747452765741852,-0.012500683068722651,-0.15210649723924052
0.1553569813095952,-0.10796416329313585,0.004237554364234564,0.7763811088815428
0.15715751552389623,0.3708310160158157,0.009838396448883735,-0.3059358428089991
0.1685289221806079,0.05066854919362307,0.02859273130808737,0.2967955021052363
0.19487833835157065,-0.8573358980785668,0.02715009016507186,-0.5185000294144841
0.19812492381156588,0.21988082932035735,0.03589079826687258,0.0015583249662718401
0.20883801294134008,0.622798548358153,0.03580593702316581,-0.8765028700131945
0.228861466698965,-0.5350309441622787,0.04772894176397191,0.16155729669524577
0.23921833818837612,-0.701696795502105,0.06716216657283014,0.6529885856972446
0.25220210847551705,0.8645656321172547,0.0815885780029868,0.8907248470323259
0.25220210847551705,-0.3632722352486364,0.10479432839961689,0.5082117085199022
0.26662851990567393,0.4939767541537454,0.10649535303093383,-0.7604316365378307
0.2843220892185425,0.7340986042703899,0.11044140086330034,-0.6223965339356623
0.2900926537906052,-0.20763313267217498,0.12210602211580501,-0.41476436489864943
0.3012519073380502,0.09821580146063935,0.1431886168858978,-0.2543756510923372
0.30676408842181146,0.3543823629501436,0.15072260864395726,0.7747452765741852
0.30990775419614414,-0.05561354410911923,0.1553569813095952,-0.10796416329313585
0.324961400905873,-0.8109581923356453,0.15715751552389623,0.3708310160158157
0.35381422376618654,-0.6347536692284674,0.1685289221806079,0.05066854919362307
0.36222471094138897,-0.4789321603133858,0.19487833835157065,-0.8573358980785668
0.3719001050274455,0.6259103902761718,0.19812492381156588,0.21988082932035735
0.37024029871450126,0.23131888649433707,0.20883801294134008,0.622798548358153
0.399351505063116,0.7876509593323754,0.228861466698965,-0.5350309441622787
0.40079414620613174,-0.3353032633268622,0.23921833818837612,-0.701696795502105
0.41080777296353466,0.47176609998057173,0.25220210847551705,0.8645656321172547
0.43397489249549226,-0.18566926354536983,0.25220210847551705,-0.3632722352486364
0.4430126149502669,0.0880153528774037,0.26662851990567393,0.4939767541537454
0.445134146042937,-0.7454600103914697,0.2843220892185425,0.7340986042703899
0.4685982799278685,-0.050019749724764306,0.2900926537906052,-0.20763313267217498
0.48253007153756267,0.34961690336321605,0.3012519073380502,0.09821580146063935
0.48276630786972397,-0.5769844020449406,0.30676408842181146,0.3543823629501436
0.5000780015859121,0.5753372411321604,0.30990775419614414,-0.05561354410911923
0.5098800110972406,0.7150607198984781,0.324961400905873,-0.8109581923356453
0.5149325189917835,-0.4430660669078157,0.3459737827715361,0.9387042499726866
0.5207030835638462,0.21420477325387977,0.35381422376618654,-0.6347536692284674
0.5433572358763823,-0.2833101968663101,0.36222471094138897,-0.4789321603133858
0.5623699542238874,-0.6793216179646853,0.3719001050274455,0.6259103902761718
0.5846368066486949,0.4644269272972621,0.37024029871450126,0.23131888649433707
0.5882962764797972,0.055343363071976626,0.39735400194201653,-0.9155303431409629
0.59283514071463,-0.1326104785761213,0.399351505063116,0.7876509593323754
0.6229608822305459,0.6268293707821734,0.40079414620613174,-0.3353032633268622
0.6394571700832903,0.34136345084145525,0.41080777296353466,0.47176609998057173
0.6389147960474248,-0.5662118050457456,0.43397489249549226,-0.18566926354536983
0.64209709268643,-0.3986447585614685,0.4430126149502669,0.0880153528774037
0.6573960990790502,0.1968976306542034,0.445134146042937,-0.7454600103914697
0.6882616092629312,-0.26357107651572353,0.4496557744847922,0.8933250315063834
0.7055733029791194,-0.01826674042533849,0.4685982799278685,-0.050019749724764306
0.7122164625136458,0.5213377049467854,0.48253007153756267,0.34961690336321605
0.7405579935854592,-0.4821403659161776,0.48276630786972397,-0.5769844020449406
0.7459672549835583,-0.14330449725209404,0.49185026070353266,-0.8681944401187851
0.7542412262449727,0.10520804444108312,0.5000780015859121,0.5753372411321604
0.7758808433902071,0.4114682869845112,0.5098800110972406,0.7150607198984781
0.7780666633038666,0.28700636193261553,0.5149325189917835,-0.4430660669078157
0.7974355992917359,-0.3533185717117697,0.5207030835638462,0.21420477325387977
0.8518462041495756,-0.22654391822533415,0.5433572358763823,-0.2833101968663101
0.8582811110295143,0.19462649290863776,0.5479435427937305,0.8365966601954804
0.8667672354001947,-0.0779887216465387,0.5623699542238874,-0.6793216179646853
0.8768657234013046,0.05066854919362285,0.5794934773562035,-0.812782255721848
,,0.5846368066486949,0.4644269272972621
,,0.5882962764797972,0.055343363071976626
,,0.59283514071463,-0.1326104785761213
,,0.6229608822305459,0.6268293707821734
,,0.6389996572911316,0.7679904173050105
,,0.6394571700832903,0.34136345084145525
,,0.6389147960474248,-0.5662118050457456
,,0.64209709268643,-0.3986447585614685
,,0.6573960990790502,0.1968976306542034
,,0.6647974753780002,-0.7450487019808554
,,0.6882616092629312,-0.26357107651572353
,,0.7055733029791194,-0.01826674042533849
,,0.7122164625136458,0.5213377049467854
,,0.722587982342334,0.692391931434097
,,0.7405579935854592,-0.4821403659161776
,,0.7395564313265144,-0.6720789065789727
,,0.7459672549835583,-0.14330449725209404
,,0.7542412262449727,0.10520804444108312
,,0.7758808433902071,0.4114682869845112
,,0.7780666633038666,0.28700636193261553
,,0.7941405584289485,0.6069314450435395
,,0.7974355992917359,-0.3533185717117697
,,0.806261168637243,-0.5885869825831651
,,0.8518462041495756,-0.22654391822533415
,,0.8556079818527498,0.5159406232805505
,,0.8582811110295143,0.19462649290863776
,,0.8640516756015768,-0.49900401075136447
,,0.8667672354001947,-0.0779887216465387
,,0.8768657234013046,0.05066854919362285
,,0.9075430630013139,0.4188718383755692
,,0.912549876380016,-0.4042385529458228
,,0.9457691774171173,0.32196757683483357
,,-0.25842696629213513,0.9686861810755617
,,-0.13904494382022436,0.9904697072838667
,,-0.01123595505617958,1.0000000000000002
,,0.1081460674157313,0.9945541184479239
,,0.22331460674157322,0.975493533015657
,,0.974719101123596,0.2185159972770594
,,0.992977528089888,0.11640571817562939
,,1,0.006126616746085611
,,0.9929775280898876,-0.09870660313138213
,,0.9789325842696637,-0.20353982300884965
,,0.9508426966292141,-0.3070115724982978
,,0.2977528089887642,-0.9537100068073523
,,0.19241573033707904,-0.9795779441797143
,,0.08848314606741603,-0.9945541184479239
,,-0.019662921348313933,-0.9986385296119811
,,-0.12359550561797739,-0.9918311776718856
,,-0.22752808988764017,-0.9727705922396188
,,-0.3314606741573033,-0.9428182437031993
,,-0.9480337078651685,-0.32471068754254606
,,-0.9789325842696628,-0.21579305650102065
,,-0.9971910112359549,-0.09734513274336232
,,-1.0014044943820224,0.012933968686180908
,,-0.9929775280898875,0.13138189244383947
,,-0.9719101123595505,0.24302246426140217
